<ImportExportXml version="9.2.22112.192" SolutionPackageVersion="9.2" languagecode="1033" generatedBy="CrmLive" xmlns:xsi="http://www.w3.org/2001/XMLSchema-instance">
  <SolutionManifest>
    <UniqueName>IdeaManagement</UniqueName>
    <LocalizedNames>
      <LocalizedName description="Idea Management" languagecode="1033" />
    </LocalizedNames>
    <Descriptions />
    <Version>1.0.0.11</Version>
    <Managed>1</Managed>
    <Publisher>
      <UniqueName>microsoft</UniqueName>
      <LocalizedNames>
        <LocalizedName description="Microsoft" languagecode="1033" />
      </LocalizedNames>
      <Descriptions />
      <EMailAddress xsi:nil="true"></EMailAddress>
      <SupportingWebsiteUrl xsi:nil="true"></SupportingWebsiteUrl>
      <CustomizationPrefix>msft</CustomizationPrefix>
      <CustomizationOptionValuePrefix>45924</CustomizationOptionValuePrefix>
      <Addresses>
        <Address>
          <AddressNumber>1</AddressNumber>
          <AddressTypeCode>1</AddressTypeCode>
          <City xsi:nil="true"></City>
          <County xsi:nil="true"></County>
          <Country xsi:nil="true"></Country>
          <Fax xsi:nil="true"></Fax>
          <FreightTermsCode xsi:nil="true"></FreightTermsCode>
          <ImportSequenceNumber xsi:nil="true"></ImportSequenceNumber>
          <Latitude xsi:nil="true"></Latitude>
          <Line1 xsi:nil="true"></Line1>
          <Line2 xsi:nil="true"></Line2>
          <Line3 xsi:nil="true"></Line3>
          <Longitude xsi:nil="true"></Longitude>
          <Name xsi:nil="true"></Name>
          <PostalCode xsi:nil="true"></PostalCode>
          <PostOfficeBox xsi:nil="true"></PostOfficeBox>
          <PrimaryContactName xsi:nil="true"></PrimaryContactName>
          <ShippingMethodCode>1</ShippingMethodCode>
          <StateOrProvince xsi:nil="true"></StateOrProvince>
          <Telephone1 xsi:nil="true"></Telephone1>
          <Telephone2 xsi:nil="true"></Telephone2>
          <Telephone3 xsi:nil="true"></Telephone3>
          <TimeZoneRuleVersionNumber xsi:nil="true"></TimeZoneRuleVersionNumber>
          <UPSZone xsi:nil="true"></UPSZone>
          <UTCOffset xsi:nil="true"></UTCOffset>
          <UTCConversionTimeZoneCode xsi:nil="true"></UTCConversionTimeZoneCode>
        </Address>
        <Address>
          <AddressNumber>2</AddressNumber>
          <AddressTypeCode>1</AddressTypeCode>
          <City xsi:nil="true"></City>
          <County xsi:nil="true"></County>
          <Country xsi:nil="true"></Country>
          <Fax xsi:nil="true"></Fax>
          <FreightTermsCode xsi:nil="true"></FreightTermsCode>
          <ImportSequenceNumber xsi:nil="true"></ImportSequenceNumber>
          <Latitude xsi:nil="true"></Latitude>
          <Line1 xsi:nil="true"></Line1>
          <Line2 xsi:nil="true"></Line2>
          <Line3 xsi:nil="true"></Line3>
          <Longitude xsi:nil="true"></Longitude>
          <Name xsi:nil="true"></Name>
          <PostalCode xsi:nil="true"></PostalCode>
          <PostOfficeBox xsi:nil="true"></PostOfficeBox>
          <PrimaryContactName xsi:nil="true"></PrimaryContactName>
          <ShippingMethodCode>1</ShippingMethodCode>
          <StateOrProvince xsi:nil="true"></StateOrProvince>
          <Telephone1 xsi:nil="true"></Telephone1>
          <Telephone2 xsi:nil="true"></Telephone2>
          <Telephone3 xsi:nil="true"></Telephone3>
          <TimeZoneRuleVersionNumber xsi:nil="true"></TimeZoneRuleVersionNumber>
          <UPSZone xsi:nil="true"></UPSZone>
          <UTCOffset xsi:nil="true"></UTCOffset>
          <UTCConversionTimeZoneCode xsi:nil="true"></UTCConversionTimeZoneCode>
        </Address>
      </Addresses>
    </Publisher>
    <RootComponents>
      <RootComponent type="1" schemaName="msft_idea" behavior="0" />
      <RootComponent type="1" schemaName="msft_project" behavior="0" />
      <RootComponent type="1" schemaName="msft_review" behavior="0" />
      <RootComponent type="9" schemaName="msft_projectstatus" behavior="0" />
      <RootComponent type="9" schemaName="msft_sentiment" behavior="0" />
      <RootComponent type="29" id="{8027db6c-768a-ed11-81ac-0022489e7d7f}" behavior="0" />
      <RootComponent type="29" id="{e0866a53-2e88-ed11-81ac-0022489e7d7f}" behavior="0" />
      <RootComponent type="29" id="{ead2ea59-5a87-ed11-81ac-0022489e7d7f}" behavior="0" />
      <RootComponent type="300" schemaName="msft_ideamanagement_8e0c7" behavior="0" />
      <RootComponent type="431" schemaName="msft_idea msft_image" behavior="0" />
      <RootComponent type="432" schemaName="msft_idea" behavior="0" />
    </RootComponents>
    <MissingDependencies>
      <MissingDependency>
        <Required type="372" schemaName="msft_ai-20services" displayName="AI Services" solution="Active" id="{b926081c-a644-4652-a75f-52c23d63551e}" />
        <Dependent type="300" schemaName="msft_ideamanagement_8e0c7" displayName="Idea Management" />
      </MissingDependency>
      <MissingDependency>
        <Required type="372" schemaName="msft_ai-20services" displayName="AI Services" solution="Active" id="{b926081c-a644-4652-a75f-52c23d63551e}" />
        <Dependent type="connectionreference" displayName="msft_AIServicesCR" id.connectionreferencelogicalname="msft_AIServicesCR" />
      </MissingDependency>
      <MissingDependency>
        <Required type="66" schemaName="cat_PowerCAT.Breadcrumb" displayName="cat_PowerCAT.Breadcrumb" solution="CreatorKitCore (1.0.20221205.2)" />
        <Dependent type="300" schemaName="msft_ideamanagement_8e0c7" displayName="Idea Management" />
      </MissingDependency>
      <MissingDependency>
        <Required type="66" schemaName="cat_PowerCAT.CommandBar" displayName="cat_PowerCAT.CommandBar" solution="CreatorKitCore (1.0.20221205.2)" />
        <Dependent type="300" schemaName="msft_ideamanagement_8e0c7" displayName="Idea Management" />
      </MissingDependency>
      <MissingDependency>
        <Required type="66" schemaName="cat_PowerCAT.Elevation" displayName="cat_PowerCAT.Elevation" solution="CreatorKitCore (1.0.20221205.2)" />
        <Dependent type="300" schemaName="msft_ideamanagement_8e0c7" displayName="Idea Management" />
      </MissingDependency>
      <MissingDependency>
        <Required type="66" schemaName="cat_PowerCAT.FluentDetailsList" displayName="cat_PowerCAT.FluentDetailsList" solution="CreatorKitCore (1.0.20221205.2)" />
        <Dependent type="300" schemaName="msft_ideamanagement_8e0c7" displayName="Idea Management" />
      </MissingDependency>
      <MissingDependency>
        <Required type="66" schemaName="cat_PowerCAT.ResizableTextarea" displayName="cat_PowerCAT.ResizableTextarea" solution="CreatorKitCore (1.0.20221205.2)" />
        <Dependent type="300" schemaName="msft_ideamanagement_8e0c7" displayName="Idea Management" />
      </MissingDependency>
      <MissingDependency>
        <Required type="66" schemaName="cat_PowerCAT.Spinner" displayName="cat_PowerCAT.Spinner" solution="CreatorKitCore (1.0.20221205.2)" />
        <Dependent type="300" schemaName="msft_ideamanagement_8e0c7" displayName="Idea Management" />
      </MissingDependency>
      <MissingDependency>
        <Required type="66" schemaName="cat_PowerCAT.SubwayNav" displayName="cat_PowerCAT.SubwayNav" solution="CreatorKitCore (1.0.20221205.2)" />
        <Dependent type="300" schemaName="msft_ideamanagement_8e0c7" displayName="Idea Management" />
      </MissingDependency>
    </MissingDependencies>
  </SolutionManifest>
</ImportExportXml>